{"0": {"counts": [2, 5, 17, 14, 21, 17, 15, 2, 4, 3], "bin_edges": [-2.025142586657607, -1.5911624713244956, -1.1571823559913839, -0.7232022406582721, -0.28922212532516056, 0.14475799000795098, 0.578738105341063, 1.0127182206741745, 1.446698336007286, 1.8806784513403976, 2.3146585666735087]}, "1": {"counts": [6, 8, 28, 26, 19, 7, 3, 2, 0, 1], "bin_edges": [-1.959670123879776, -1.3784299624263263, -0.7971898009728766, -0.21594963951942692, 0.3652905219340228, 0.9465306833874727, 1.5277708448409222, 2.109011006294372, 2.690251167747822, 3.2714913292012717, 3.852731490654721]}, "2": {"counts": [1, 1, 3, 11, 10, 20, 26, 12, 12, 4], "bin_edges": [-3.241267340069073, -2.6981603127403986, -2.155053285411724, -1.6119462580830493, -1.0688392307543748, -0.5257322034257004, 0.017374823902974512, 0.560481851231649, 1.1035888785603234, 1.6466959058889978, 2.1898029332176723]}, "3": {"counts": [2, 14, 13, 16, 13, 20, 13, 4, 4, 1], "bin_edges": [-1.9875689146008928, -1.5167951064818417, -1.0460212983627906, -0.5752474902437394, -0.10447368212468833, 0.3663001259943628, 0.8370739341134139, 1.307847742232465, 1.7786215503515161, 2.2493953584705673, 2.720169166589619]}}